,ID,DATE,Risk Free rate
0,USGG10YR Index,2019-12-23,1.929401994
1,USGG10YR Index,2019-12-24,1.899630427
2,USGG10YR Index,2019-12-25,1.899630427
3,USGG10YR Index,2019-12-26,1.894405603
4,USGG10YR Index,2019-12-27,1.875228882
5,USGG10YR Index,2019-12-30,1.878763676
6,USGG10YR Index,2019-12-31,1.917473555
7,USGG10YR Index,2020-01-01,1.917473555
8,USGG10YR Index,2020-01-02,1.877105117
9,USGG10YR Index,2020-01-03,1.7881037
10,USGG10YR Index,2020-01-06,1.809010148
11,USGG10YR Index,2020-01-07,1.817746758
12,USGG10YR Index,2020-01-08,1.873781919
13,USGG10YR Index,2020-01-09,1.85451591
14,USGG10YR Index,2020-01-10,1.819576502
15,USGG10YR Index,2020-01-13,1.845851421
16,USGG10YR Index,2020-01-14,1.810870886
17,USGG10YR Index,2020-01-15,1.782962799
18,USGG10YR Index,2020-01-16,1.807404995
19,USGG10YR Index,2020-01-17,1.821464896
20,USGG10YR Index,2020-01-20,1.821464896
21,USGG10YR Index,2020-01-21,1.774286151
22,USGG10YR Index,2020-01-22,1.769059896
23,USGG10YR Index,2020-01-23,1.732508659
24,USGG10YR Index,2020-01-24,1.683921337
25,USGG10YR Index,2020-01-27,1.608026862
26,USGG10YR Index,2020-01-28,1.656221509
27,USGG10YR Index,2020-01-29,1.583917499
28,USGG10YR Index,2020-01-30,1.585589767
29,USGG10YR Index,2020-01-31,1.506795645
30,USGG10YR Index,2020-02-03,1.527200341
31,USGG10YR Index,2020-02-04,1.59912765
32,USGG10YR Index,2020-02-05,1.650836349
33,USGG10YR Index,2020-02-06,1.642165184
34,USGG10YR Index,2020-02-07,1.583443642
35,USGG10YR Index,2020-02-10,1.56964922
36,USGG10YR Index,2020-02-11,1.600577354
37,USGG10YR Index,2020-02-12,1.6333462
38,USGG10YR Index,2020-02-13,1.617283702
39,USGG10YR Index,2020-02-14,1.584847093
40,USGG10YR Index,2020-02-17,1.584847093
41,USGG10YR Index,2020-02-18,1.5610286
42,USGG10YR Index,2020-02-19,1.566147208
43,USGG10YR Index,2020-02-20,1.515221357
44,USGG10YR Index,2020-02-21,1.471258283
45,USGG10YR Index,2020-02-24,1.370497346
46,USGG10YR Index,2020-02-25,1.352098346
47,USGG10YR Index,2020-02-26,1.337055326
48,USGG10YR Index,2020-02-27,1.260661125
49,USGG10YR Index,2020-02-28,1.148594975
50,USGG10YR Index,2020-03-02,1.163242459
51,USGG10YR Index,2020-03-03,0.998966694
52,USGG10YR Index,2020-03-04,1.052196383
53,USGG10YR Index,2020-03-05,0.911990702
54,USGG10YR Index,2020-03-06,0.762268007
55,USGG10YR Index,2020-03-09,0.540740013
56,USGG10YR Index,2020-03-10,0.80297029
57,USGG10YR Index,2020-03-11,0.869535327
58,USGG10YR Index,2020-03-12,0.804195523
59,USGG10YR Index,2020-03-13,0.960289121
60,USGG10YR Index,2020-03-16,0.718200028
61,USGG10YR Index,2020-03-17,1.078382492
62,USGG10YR Index,2020-03-18,1.191506982
63,USGG10YR Index,2020-03-19,1.140380144
64,USGG10YR Index,2020-03-20,0.845381916
65,USGG10YR Index,2020-03-23,0.786342204
66,USGG10YR Index,2020-03-24,0.846639872
67,USGG10YR Index,2020-03-25,0.867252886
68,USGG10YR Index,2020-03-26,0.844704926
69,USGG10YR Index,2020-03-27,0.674637914
70,USGG10YR Index,2020-03-30,0.726422429
71,USGG10YR Index,2020-03-31,0.669496298
72,USGG10YR Index,2020-04-01,0.58321768
73,USGG10YR Index,2020-04-02,0.597016275
74,USGG10YR Index,2020-04-03,0.594753325
75,USGG10YR Index,2020-04-06,0.66977948
76,USGG10YR Index,2020-04-07,0.712162018
77,USGG10YR Index,2020-04-08,0.772237182
78,USGG10YR Index,2020-04-09,0.719058692
79,USGG10YR Index,2020-04-10,0.719058692
80,USGG10YR Index,2020-04-13,0.771292686
81,USGG10YR Index,2020-04-14,0.751998603
82,USGG10YR Index,2020-04-15,0.631621778
83,USGG10YR Index,2020-04-16,0.626680672
84,USGG10YR Index,2020-04-17,0.641739428
85,USGG10YR Index,2020-04-20,0.605343282
86,USGG10YR Index,2020-04-21,0.569059372
87,USGG10YR Index,2020-04-22,0.619024277
88,USGG10YR Index,2020-04-23,0.601503372
89,USGG10YR Index,2020-04-24,0.600801706
90,USGG10YR Index,2020-04-27,0.660492718
91,USGG10YR Index,2020-04-28,0.61292237
92,USGG10YR Index,2020-04-29,0.626876771
93,USGG10YR Index,2020-04-30,0.639278889
94,USGG10YR Index,2020-05-01,0.611765504
95,USGG10YR Index,2020-05-04,0.633637726
96,USGG10YR Index,2020-05-05,0.661910415
97,USGG10YR Index,2020-05-06,0.703011572
98,USGG10YR Index,2020-05-07,0.640871286
99,USGG10YR Index,2020-05-08,0.683066487
100,USGG10YR Index,2020-05-11,0.709945977
101,USGG10YR Index,2020-05-12,0.665142894
102,USGG10YR Index,2020-05-13,0.652481794
103,USGG10YR Index,2020-05-14,0.621771991
104,USGG10YR Index,2020-05-15,0.642786622
105,USGG10YR Index,2020-05-18,0.725712597
106,USGG10YR Index,2020-05-19,0.68824482
107,USGG10YR Index,2020-05-20,0.680127382
108,USGG10YR Index,2020-05-21,0.672012627
109,USGG10YR Index,2020-05-22,0.659055173
110,USGG10YR Index,2020-05-25,0.659055173
111,USGG10YR Index,2020-05-26,0.696513414
112,USGG10YR Index,2020-05-27,0.681856811
113,USGG10YR Index,2020-05-28,0.690023899
114,USGG10YR Index,2020-05-29,0.652601004
115,USGG10YR Index,2020-06-01,0.659116507
116,USGG10YR Index,2020-06-02,0.68520999
117,USGG10YR Index,2020-06-03,0.745832622
118,USGG10YR Index,2020-06-04,0.823421776
119,USGG10YR Index,2020-06-05,0.895139217
120,USGG10YR Index,2020-06-08,0.875181913
121,USGG10YR Index,2020-06-09,0.825342774
122,USGG10YR Index,2020-06-10,0.726320982
123,USGG10YR Index,2020-06-11,0.669001818
124,USGG10YR Index,2020-06-12,0.703430474
125,USGG10YR Index,2020-06-15,0.721520722
126,USGG10YR Index,2020-06-16,0.752844572
127,USGG10YR Index,2020-06-17,0.738036275
128,USGG10YR Index,2020-06-18,0.708441794
129,USGG10YR Index,2020-06-19,0.693717599
130,USGG10YR Index,2020-06-22,0.70852989
131,USGG10YR Index,2020-06-23,0.711843491
132,USGG10YR Index,2020-06-24,0.678992391
133,USGG10YR Index,2020-06-25,0.685574293
134,USGG10YR Index,2020-06-26,0.641340375
135,USGG10YR Index,2020-06-29,0.623356521
136,USGG10YR Index,2020-06-30,0.656095088
137,USGG10YR Index,2020-07-01,0.675804675
138,USGG10YR Index,2020-07-02,0.669279873
139,USGG10YR Index,2020-07-03,0.669279873
140,USGG10YR Index,2020-07-06,0.675872028
141,USGG10YR Index,2020-07-07,0.639738381
142,USGG10YR Index,2020-07-08,0.664380014
143,USGG10YR Index,2020-07-09,0.613526881
144,USGG10YR Index,2020-07-10,0.644685507
145,USGG10YR Index,2020-07-13,0.618430316
146,USGG10YR Index,2020-07-14,0.623348176
147,USGG10YR Index,2020-07-15,0.629912972
148,USGG10YR Index,2020-07-16,0.616784394
149,USGG10YR Index,2020-07-17,0.6266312
150,USGG10YR Index,2020-07-20,0.610210001
151,USGG10YR Index,2020-07-21,0.600363493
152,USGG10YR Index,2020-07-22,0.597077429
153,USGG10YR Index,2020-07-23,0.577410519
154,USGG10YR Index,2020-07-24,0.588844299
155,USGG10YR Index,2020-07-27,0.61511451
156,USGG10YR Index,2020-07-28,0.578985214
157,USGG10YR Index,2020-07-29,0.574055374
158,USGG10YR Index,2020-07-30,0.546215177
159,USGG10YR Index,2020-07-31,0.528173387
160,USGG10YR Index,2020-08-03,0.554314971
161,USGG10YR Index,2020-08-04,0.506905198
162,USGG10YR Index,2020-08-05,0.547724903
163,USGG10YR Index,2020-08-06,0.536245406
164,USGG10YR Index,2020-08-07,0.564047217
165,USGG10YR Index,2020-08-10,0.575534225
166,USGG10YR Index,2020-08-11,0.64153111
167,USGG10YR Index,2020-08-12,0.674715877
168,USGG10YR Index,2020-08-13,0.720765173
169,USGG10YR Index,2020-08-14,0.709353387
170,USGG10YR Index,2020-08-17,0.688212097
171,USGG10YR Index,2020-08-18,0.668729126
172,USGG10YR Index,2020-08-19,0.680113196
173,USGG10YR Index,2020-08-20,0.650902271
174,USGG10YR Index,2020-08-21,0.628234386
175,USGG10YR Index,2020-08-24,0.654174924
176,USGG10YR Index,2020-08-25,0.6834559
177,USGG10YR Index,2020-08-26,0.688359916
178,USGG10YR Index,2020-08-27,0.752173603
179,USGG10YR Index,2020-08-28,0.721115828
180,USGG10YR Index,2020-08-31,0.704777896
181,USGG10YR Index,2020-09-01,0.668887496
182,USGG10YR Index,2020-09-02,0.647735298
183,USGG10YR Index,2020-09-03,0.634736896
184,USGG10YR Index,2020-09-04,0.718036771
185,USGG10YR Index,2020-09-07,0.718036771
186,USGG10YR Index,2020-09-08,0.67876631
187,USGG10YR Index,2020-09-09,0.70005101
188,USGG10YR Index,2020-09-10,0.677159727
189,USGG10YR Index,2020-09-11,0.665756285
190,USGG10YR Index,2020-09-14,0.672306597
191,USGG10YR Index,2020-09-15,0.678864896
192,USGG10YR Index,2020-09-16,0.696907699
193,USGG10YR Index,2020-09-17,0.688725412
194,USGG10YR Index,2020-09-18,0.693699479
195,USGG10YR Index,2020-09-21,0.665841579
196,USGG10YR Index,2020-09-22,0.670767128
197,USGG10YR Index,2020-09-23,0.672418416
198,USGG10YR Index,2020-09-24,0.665873706
199,USGG10YR Index,2020-09-25,0.654432416
200,USGG10YR Index,2020-09-28,0.652801692
201,USGG10YR Index,2020-09-29,0.64953202
202,USGG10YR Index,2020-09-30,0.68400979
203,USGG10YR Index,2020-10-01,0.677448273
204,USGG10YR Index,2020-10-02,0.700547695
205,USGG10YR Index,2020-10-05,0.781722307
206,USGG10YR Index,2020-10-06,0.735295177
207,USGG10YR Index,2020-10-07,0.786799073
208,USGG10YR Index,2020-10-08,0.785177112
209,USGG10YR Index,2020-10-09,0.773687601
210,USGG10YR Index,2020-10-12,0.773687601
211,USGG10YR Index,2020-10-13,0.72721082
212,USGG10YR Index,2020-10-14,0.7255804
213,USGG10YR Index,2020-10-15,0.732241392
214,USGG10YR Index,2020-10-16,0.745619774
215,USGG10YR Index,2020-10-19,0.768963575
216,USGG10YR Index,2020-10-20,0.7856915
217,USGG10YR Index,2020-10-21,0.822561324
218,USGG10YR Index,2020-10-22,0.856222272
219,USGG10YR Index,2020-10-23,0.842940688
220,USGG10YR Index,2020-10-26,0.801019311
221,USGG10YR Index,2020-10-27,0.767602086
222,USGG10YR Index,2020-10-28,0.770982683
223,USGG10YR Index,2020-10-29,0.822986007
224,USGG10YR Index,2020-10-30,0.873736978
225,USGG10YR Index,2020-11-02,0.843409896
226,USGG10YR Index,2020-11-03,0.899277925
227,USGG10YR Index,2020-11-04,0.76288861
228,USGG10YR Index,2020-11-05,0.762925684
229,USGG10YR Index,2020-11-06,0.81846559
230,USGG10YR Index,2020-11-09,0.923532784
231,USGG10YR Index,2020-11-10,0.959537506
232,USGG10YR Index,2020-11-11,0.975293696
233,USGG10YR Index,2020-11-12,0.881544471
234,USGG10YR Index,2020-11-13,0.896286905
235,USGG10YR Index,2020-11-16,0.906135321
236,USGG10YR Index,2020-11-17,0.857012808
237,USGG10YR Index,2020-11-18,0.8700881
238,USGG10YR Index,2020-11-19,0.82925719
239,USGG10YR Index,2020-11-20,0.824327528
240,USGG10YR Index,2020-11-23,0.853709519
241,USGG10YR Index,2020-11-24,0.87991482
242,USGG10YR Index,2020-11-25,0.881557882
243,USGG10YR Index,2020-11-26,0.881557882
244,USGG10YR Index,2020-11-27,0.837304771
245,USGG10YR Index,2020-11-30,0.838930428
246,USGG10YR Index,2020-12-01,0.926046729
247,USGG10YR Index,2020-12-02,0.935975075
248,USGG10YR Index,2020-12-03,0.906267285
249,USGG10YR Index,2020-12-04,0.965876222
250,USGG10YR Index,2020-12-07,0.922818184
251,USGG10YR Index,2020-12-08,0.917870402
252,USGG10YR Index,2020-12-09,0.936085522
253,USGG10YR Index,2020-12-10,0.906322598
254,USGG10YR Index,2020-12-11,0.8964324
255,USGG10YR Index,2020-12-14,0.893134415
256,USGG10YR Index,2020-12-15,0.908016622
257,USGG10YR Index,2020-12-16,0.916302383
258,USGG10YR Index,2020-12-17,0.932893276
259,USGG10YR Index,2020-12-18,0.946233571
260,USGG10YR Index,2020-12-21,0.934615016
261,USGG10YR Index,2020-12-22,0.916366518
262,USGG10YR Index,2020-12-23,0.942961574
263,USGG10YR Index,2020-12-24,0.923066616
264,USGG10YR Index,2020-12-25,0.923066616
265,USGG10YR Index,2020-12-28,0.923079193
266,USGG10YR Index,2020-12-29,0.936405301
267,USGG10YR Index,2020-12-30,0.923104405
268,USGG10YR Index,2020-12-31,0.9131682
269,USGG10YR Index,2021-01-01,0.913168192
270,USGG10YR Index,2021-01-04,0.913178205
271,USGG10YR Index,2021-01-05,0.954888701
272,USGG10YR Index,2021-01-06,1.0354954
273,USGG10YR Index,2021-01-07,1.079477549
274,USGG10YR Index,2021-01-08,1.115303516
275,USGG10YR Index,2021-01-11,1.1460464
276,USGG10YR Index,2021-01-12,1.129058957
277,USGG10YR Index,2021-01-13,1.08319962
278,USGG10YR Index,2021-01-14,1.129195333
279,USGG10YR Index,2021-01-15,1.083479047
280,USGG10YR Index,2021-01-18,1.083479047
281,USGG10YR Index,2021-01-19,1.088635683
282,USGG10YR Index,2021-01-20,1.080191135
283,USGG10YR Index,2021-01-21,1.105781317
284,USGG10YR Index,2021-01-22,1.085517764
285,USGG10YR Index,2021-01-25,1.029539347
286,USGG10YR Index,2021-01-26,1.034663
287,USGG10YR Index,2021-01-27,1.016078591
288,USGG10YR Index,2021-01-28,1.044927478
289,USGG10YR Index,2021-01-29,1.065469146
290,USGG10YR Index,2021-02-01,1.079150558
291,USGG10YR Index,2021-02-02,1.096274018
292,USGG10YR Index,2021-02-03,1.137429237
293,USGG10YR Index,2021-02-04,1.139216661
294,USGG10YR Index,2021-02-05,1.163512826
295,USGG10YR Index,2021-02-08,1.170483947
296,USGG10YR Index,2021-02-09,1.156779051
297,USGG10YR Index,2021-02-10,1.12246716
298,USGG10YR Index,2021-02-11,1.163181424
299,USGG10YR Index,2021-02-12,1.208196
300,USGG10YR Index,2021-02-15,1.208195567
301,USGG10YR Index,2021-02-16,1.314091682
302,USGG10YR Index,2021-02-17,1.270294785
303,USGG10YR Index,2021-02-18,1.295609593
304,USGG10YR Index,2021-02-19,1.336353
305,USGG10YR Index,2021-02-22,1.365285
306,USGG10YR Index,2021-02-23,1.341553
307,USGG10YR Index,2021-02-24,1.375626
308,USGG10YR Index,2021-02-25,1.519908
309,USGG10YR Index,2021-02-26,1.404923797
310,USGG10YR Index,2021-03-01,1.416981459
311,USGG10YR Index,2021-03-02,1.391385555
312,USGG10YR Index,2021-03-03,1.480761051
313,USGG10YR Index,2021-03-04,1.564039588
314,USGG10YR Index,2021-03-05,1.566124439
315,USGG10YR Index,2021-03-08,1.590665102
316,USGG10YR Index,2021-03-09,1.526346803
317,USGG10YR Index,2021-03-10,1.517773271
318,USGG10YR Index,2021-03-11,1.536982536
319,USGG10YR Index,2021-03-12,1.624694
320,USGG10YR Index,2021-03-15,1.605527163
321,USGG10YR Index,2021-03-16,1.617931724
322,USGG10YR Index,2021-03-17,1.64267087
323,USGG10YR Index,2021-03-18,1.708162427
324,USGG10YR Index,2021-03-19,1.721044
325,USGG10YR Index,2021-03-22,1.694591522
326,USGG10YR Index,2021-03-23,1.620594859
327,USGG10YR Index,2021-03-24,1.608417869
328,USGG10YR Index,2021-03-25,1.633180618
329,USGG10YR Index,2021-03-26,1.675991058
330,USGG10YR Index,2021-03-29,1.70807147
331,USGG10YR Index,2021-03-30,1.702893853
332,USGG10YR Index,2021-03-31,1.740434527
333,USGG10YR Index,2021-04-01,1.66991353
334,USGG10YR Index,2021-04-02,1.721618176
335,USGG10YR Index,2021-04-05,1.700250149
336,USGG10YR Index,2021-04-06,1.656020641
337,USGG10YR Index,2021-04-07,1.673894167
338,USGG10YR Index,2021-04-08,1.619154096
339,USGG10YR Index,2021-04-09,1.658496141
340,USGG10YR Index,2021-04-12,1.66573751
341,USGG10YR Index,2021-04-13,1.614505172
342,USGG10YR Index,2021-04-14,1.632325053
343,USGG10YR Index,2021-04-15,1.575945854
344,USGG10YR Index,2021-04-16,1.579829931
345,USGG10YR Index,2021-04-19,1.604670644
346,USGG10YR Index,2021-04-20,1.558925748
347,USGG10YR Index,2021-04-21,1.555520058
348,USGG10YR Index,2021-04-22,1.538044214
349,USGG10YR Index,2021-04-23,1.557739854
350,USGG10YR Index,2021-04-26,1.566672564
351,USGG10YR Index,2021-04-27,1.621649146
352,USGG10YR Index,2021-04-28,1.609364152
353,USGG10YR Index,2021-04-29,1.634349823
354,USGG10YR Index,2021-04-30,1.625865579
355,USGG10YR Index,2021-05-03,1.597591639
356,USGG10YR Index,2021-05-04,1.592398763
357,USGG10YR Index,2021-05-05,1.565964699
358,USGG10YR Index,2021-05-06,1.56962049
359,USGG10YR Index,2021-05-07,1.577062726
360,USGG10YR Index,2021-05-10,1.602029443
361,USGG10YR Index,2021-05-11,1.621727467
362,USGG10YR Index,2021-05-12,1.69157505
363,USGG10YR Index,2021-05-13,1.657350421
364,USGG10YR Index,2021-05-14,1.628396869
365,USGG10YR Index,2021-05-17,1.648829818
366,USGG10YR Index,2021-05-18,1.636906028
367,USGG10YR Index,2021-05-19,1.671033859
368,USGG10YR Index,2021-05-20,1.624988675
369,USGG10YR Index,2021-05-21,1.621577859
370,USGG10YR Index,2021-05-24,1.601161957
371,USGG10YR Index,2021-05-25,1.558750868
372,USGG10YR Index,2021-05-26,1.575676441
373,USGG10YR Index,2021-05-27,1.606242061
374,USGG10YR Index,2021-05-28,1.594301462
375,USGG10YR Index,2021-05-31,1.594301462
376,USGG10YR Index,2021-06-01,1.60621047
377,USGG10YR Index,2021-06-02,1.587477326
378,USGG10YR Index,2021-06-03,1.624965191
379,USGG10YR Index,2021-06-04,1.553440928
380,USGG10YR Index,2021-06-07,1.568707585
381,USGG10YR Index,2021-06-08,1.533052087
382,USGG10YR Index,2021-06-09,1.490754843
383,USGG10YR Index,2021-06-10,1.431824446
384,USGG10YR Index,2021-06-11,1.451843143
385,USGG10YR Index,2021-06-14,1.493958592
386,USGG10YR Index,2021-06-15,1.492234111
387,USGG10YR Index,2021-06-16,1.575384736
388,USGG10YR Index,2021-06-17,1.504008651
389,USGG10YR Index,2021-06-18,1.438054681
390,USGG10YR Index,2021-06-21,1.488641024
391,USGG10YR Index,2021-06-22,1.463249445
392,USGG10YR Index,2021-06-23,1.48518455
393,USGG10YR Index,2021-06-24,1.491921663
394,USGG10YR Index,2021-06-25,1.524079919
395,USGG10YR Index,2021-06-28,1.476533175
396,USGG10YR Index,2021-06-29,1.469722867
397,USGG10YR Index,2021-06-30,1.467989922
398,USGG10YR Index,2021-07-01,1.457796693
399,USGG10YR Index,2021-07-02,1.423822045
400,USGG10YR Index,2021-07-05,1.423822045
401,USGG10YR Index,2021-07-06,1.348113894
402,USGG10YR Index,2021-07-07,1.316262603
403,USGG10YR Index,2021-07-08,1.292825103
404,USGG10YR Index,2021-07-09,1.359504223
405,USGG10YR Index,2021-07-12,1.364475489
406,USGG10YR Index,2021-07-13,1.416646242
407,USGG10YR Index,2021-07-14,1.345866442
408,USGG10YR Index,2021-07-15,1.298908472
409,USGG10YR Index,2021-07-16,1.290301681
410,USGG10YR Index,2021-07-19,1.188807726
411,USGG10YR Index,2021-07-20,1.221839666
412,USGG10YR Index,2021-07-21,1.288372278
413,USGG10YR Index,2021-07-22,1.278259635
414,USGG10YR Index,2021-07-23,1.276321173
415,USGG10YR Index,2021-07-26,1.289613724
416,USGG10YR Index,2021-07-27,1.241090059
417,USGG10YR Index,2021-07-28,1.232661724
418,USGG10YR Index,2021-07-29,1.26927352
419,USGG10YR Index,2021-07-30,1.222261667
420,USGG10YR Index,2021-08-02,1.177283764
421,USGG10YR Index,2021-08-03,1.172193885
422,USGG10YR Index,2021-08-04,1.182032466
423,USGG10YR Index,2021-08-05,1.223514915
424,USGG10YR Index,2021-08-06,1.296892405
425,USGG10YR Index,2021-08-09,1.323744774
426,USGG10YR Index,2021-08-10,1.348992705
427,USGG10YR Index,2021-08-11,1.330338717
428,USGG10YR Index,2021-08-12,1.35899055
429,USGG10YR Index,2021-08-13,1.276715159
430,USGG10YR Index,2021-08-16,1.26502049
431,USGG10YR Index,2021-08-17,1.261682034
432,USGG10YR Index,2021-08-18,1.258342862
433,USGG10YR Index,2021-08-19,1.243320107
434,USGG10YR Index,2021-08-20,1.255004048
435,USGG10YR Index,2021-08-23,1.25166142
436,USGG10YR Index,2021-08-24,1.293540001
437,USGG10YR Index,2021-08-25,1.338993073
438,USGG10YR Index,2021-08-26,1.349144459
439,USGG10YR Index,2021-08-27,1.307047129
440,USGG10YR Index,2021-08-30,1.278480649
441,USGG10YR Index,2021-08-31,1.308758616
442,USGG10YR Index,2021-09-01,1.293621302
443,USGG10YR Index,2021-09-02,1.283541083
444,USGG10YR Index,2021-09-03,1.322348356
445,USGG10YR Index,2021-09-06,1.322348356
446,USGG10YR Index,2021-09-07,1.373187661
447,USGG10YR Index,2021-09-08,1.337606549
448,USGG10YR Index,2021-09-09,1.297075748
449,USGG10YR Index,2021-09-10,1.341082811
450,USGG10YR Index,2021-09-13,1.325857759
451,USGG10YR Index,2021-09-14,1.283634424
452,USGG10YR Index,2021-09-15,1.298832536
453,USGG10YR Index,2021-09-16,1.337780356
454,USGG10YR Index,2021-09-17,1.361639977
455,USGG10YR Index,2021-09-20,1.310737848
456,USGG10YR Index,2021-09-21,1.322615981
457,USGG10YR Index,2021-09-22,1.30060792
458,USGG10YR Index,2021-09-23,1.43012321
459,USGG10YR Index,2021-09-24,1.450880408
460,USGG10YR Index,2021-09-27,1.487129211
461,USGG10YR Index,2021-09-28,1.537408352
462,USGG10YR Index,2021-09-29,1.516665578
463,USGG10YR Index,2021-09-30,1.487311125
464,USGG10YR Index,2021-10-01,1.461584449
465,USGG10YR Index,2021-10-04,1.478908181
466,USGG10YR Index,2021-10-05,1.52575767
467,USGG10YR Index,2021-10-06,1.520617247
468,USGG10YR Index,2021-10-07,1.572936416
469,USGG10YR Index,2021-10-08,1.611800909
470,USGG10YR Index,2021-10-11,1.611800909
471,USGG10YR Index,2021-10-12,1.576850295
472,USGG10YR Index,2021-10-13,1.536775708
473,USGG10YR Index,2021-10-14,1.510739446
474,USGG10YR Index,2021-10-15,1.570269465
475,USGG10YR Index,2021-10-18,1.600157261
476,USGG10YR Index,2021-10-19,1.637199044
477,USGG10YR Index,2021-10-20,1.656714559
478,USGG10YR Index,2021-10-21,1.701097965
479,USGG10YR Index,2021-10-22,1.632407427
480,USGG10YR Index,2021-10-25,1.630742192
481,USGG10YR Index,2021-10-26,1.607925057
482,USGG10YR Index,2021-10-27,1.541315079
483,USGG10YR Index,2021-10-28,1.579964042
484,USGG10YR Index,2021-10-29,1.552131653
485,USGG10YR Index,2021-11-01,1.555718184
486,USGG10YR Index,2021-11-02,1.548781633
487,USGG10YR Index,2021-11-03,1.60337925
488,USGG10YR Index,2021-11-04,1.526156545
489,USGG10YR Index,2021-11-05,1.45132947
490,USGG10YR Index,2021-11-08,1.489716053
491,USGG10YR Index,2021-11-09,1.435790777
492,USGG10YR Index,2021-11-10,1.549348116
493,USGG10YR Index,2021-11-11,1.549347997
494,USGG10YR Index,2021-11-12,1.561310172
495,USGG10YR Index,2021-11-15,1.614521265
496,USGG10YR Index,2021-11-16,1.633520603
497,USGG10YR Index,2021-11-17,1.588867545
498,USGG10YR Index,2021-11-18,1.585488796
499,USGG10YR Index,2021-11-19,1.546231151
500,USGG10YR Index,2021-11-22,1.623560667
501,USGG10YR Index,2021-11-23,1.665103316
502,USGG10YR Index,2021-11-24,1.634107947
503,USGG10YR Index,2021-11-25,1.634107947
504,USGG10YR Index,2021-11-26,1.473129749
505,USGG10YR Index,2021-11-29,1.498703599
506,USGG10YR Index,2021-11-30,1.444294095
507,USGG10YR Index,2021-12-01,1.403666854
508,USGG10YR Index,2021-12-02,1.444327593
509,USGG10YR Index,2021-12-03,1.342975974
510,USGG10YR Index,2021-12-06,1.434205055
511,USGG10YR Index,2021-12-07,1.473348022
512,USGG10YR Index,2021-12-08,1.521230221
513,USGG10YR Index,2021-12-09,1.499012709
514,USGG10YR Index,2021-12-10,1.483716607
515,USGG10YR Index,2021-12-13,1.415617347
516,USGG10YR Index,2021-12-14,1.44112587
517,USGG10YR Index,2021-12-15,1.456477165
518,USGG10YR Index,2021-12-16,1.410551548
519,USGG10YR Index,2021-12-17,1.402084947
520,USGG10YR Index,2021-12-20,1.422488689
521,USGG10YR Index,2021-12-21,1.461723924
522,USGG10YR Index,2021-12-22,1.451495647
523,USGG10YR Index,2021-12-23,1.492678404
524,USGG10YR Index,2021-12-24,1.492678404
525,USGG10YR Index,2021-12-27,1.475555539
526,USGG10YR Index,2021-12-28,1.48072505
527,USGG10YR Index,2021-12-29,1.549613357
528,USGG10YR Index,2021-12-30,1.508273244
529,USGG10YR Index,2021-12-31,1.510097742
530,USGG10YR Index,2022-01-03,1.627984047
531,USGG10YR Index,2022-01-04,1.647250772
532,USGG10YR Index,2022-01-05,1.70516336
533,USGG10YR Index,2022-01-06,1.72108674
534,USGG10YR Index,2022-01-07,1.761977673
535,USGG10YR Index,2022-01-10,1.760308385
536,USGG10YR Index,2022-01-11,1.735654712
537,USGG10YR Index,2022-01-12,1.742816806
538,USGG10YR Index,2022-01-13,1.704089403
539,USGG10YR Index,2022-01-14,1.784089923
540,USGG10YR Index,2022-01-17,1.784089923
541,USGG10YR Index,2022-01-18,1.873479247
542,USGG10YR Index,2022-01-19,1.864643216
543,USGG10YR Index,2022-01-20,1.803995132
544,USGG10YR Index,2022-01-21,1.758067846
545,USGG10YR Index,2022-01-24,1.770606399
546,USGG10YR Index,2022-01-25,1.768931866
547,USGG10YR Index,2022-01-26,1.86374712
548,USGG10YR Index,2022-01-27,1.799428463
549,USGG10YR Index,2022-01-28,1.769449711
550,USGG10YR Index,2022-01-31,1.776679754
551,USGG10YR Index,2022-02-01,1.787487149
552,USGG10YR Index,2022-02-02,1.775108457
553,USGG10YR Index,2022-02-03,1.83064878
554,USGG10YR Index,2022-02-04,1.908475041
555,USGG10YR Index,2022-02-07,1.915854454
556,USGG10YR Index,2022-02-08,1.963187218
557,USGG10YR Index,2022-02-09,1.941529512
558,USGG10YR Index,2022-02-10,2.029351711
559,USGG10YR Index,2022-02-11,1.937145114
560,USGG10YR Index,2022-02-14,1.987491488
561,USGG10YR Index,2022-02-15,2.043383837
562,USGG10YR Index,2022-02-16,2.038171053
563,USGG10YR Index,2022-02-17,1.961475253
564,USGG10YR Index,2022-02-18,1.928566337
565,USGG10YR Index,2022-02-21,1.928566217
566,USGG10YR Index,2022-02-22,1.938984513
567,USGG10YR Index,2022-02-23,1.991211534
568,USGG10YR Index,2022-02-24,1.963349938
569,USGG10YR Index,2022-02-25,1.961667657
570,USGG10YR Index,2022-02-28,1.825011492
571,USGG10YR Index,2022-03-01,1.727512479
572,USGG10YR Index,2022-03-02,1.876688957
573,USGG10YR Index,2022-03-03,1.840455055
574,USGG10YR Index,2022-03-04,1.730724931
575,USGG10YR Index,2022-03-07,1.773404121
576,USGG10YR Index,2022-03-08,1.845575452
577,USGG10YR Index,2022-03-09,1.953138351
578,USGG10YR Index,2022-03-10,1.986363769
579,USGG10YR Index,2022-03-11,1.991699696
580,USGG10YR Index,2022-03-14,2.132992029
581,USGG10YR Index,2022-03-15,2.143733978
582,USGG10YR Index,2022-03-16,2.184850454
583,USGG10YR Index,2022-03-17,2.170625687
584,USGG10YR Index,2022-03-18,2.149415016
585,USGG10YR Index,2022-03-21,2.289638519
586,USGG10YR Index,2022-03-22,2.382477045
587,USGG10YR Index,2022-03-23,2.291655779
588,USGG10YR Index,2022-03-24,2.37177062
589,USGG10YR Index,2022-03-25,2.473139524
590,USGG10YR Index,2022-03-28,2.458532333
591,USGG10YR Index,2022-03-29,2.394352913
592,USGG10YR Index,2022-03-30,2.348775387
593,USGG10YR Index,2022-03-31,2.337952375
594,USGG10YR Index,2022-04-01,2.382173538
595,USGG10YR Index,2022-04-04,2.395136595
596,USGG10YR Index,2022-04-05,2.546895742
597,USGG10YR Index,2022-04-06,2.597508192
598,USGG10YR Index,2022-04-07,2.657818794
599,USGG10YR Index,2022-04-08,2.699991703
600,USGG10YR Index,2022-04-11,2.780076981
601,USGG10YR Index,2022-04-12,2.721274614
602,USGG10YR Index,2022-04-13,2.698724508
603,USGG10YR Index,2022-04-14,2.827455997
604,USGG10YR Index,2022-04-15,2.827455997
605,USGG10YR Index,2022-04-18,2.85270834
606,USGG10YR Index,2022-04-19,2.936146021
607,USGG10YR Index,2022-04-20,2.832029343
608,USGG10YR Index,2022-04-21,2.909513474
609,USGG10YR Index,2022-04-22,2.898673296
610,USGG10YR Index,2022-04-25,2.819780588
611,USGG10YR Index,2022-04-26,2.720486164
612,USGG10YR Index,2022-04-27,2.831814766
613,USGG10YR Index,2022-04-28,2.822430372
614,USGG10YR Index,2022-04-29,2.933560848
615,USGG10YR Index,2022-05-02,2.980690479
616,USGG10YR Index,2022-05-03,2.971191645
617,USGG10YR Index,2022-05-04,2.934375763
618,USGG10YR Index,2022-05-05,3.036526442
619,USGG10YR Index,2022-05-06,3.126485348
620,USGG10YR Index,2022-05-09,3.033780098
621,USGG10YR Index,2022-05-10,2.99081254
622,USGG10YR Index,2022-05-11,2.92067647
623,USGG10YR Index,2022-05-12,2.847888947
624,USGG10YR Index,2022-05-13,2.918512583
625,USGG10YR Index,2022-05-16,2.88222909
626,USGG10YR Index,2022-05-17,2.98601222
627,USGG10YR Index,2022-05-18,2.884032249
628,USGG10YR Index,2022-05-19,2.837007046
629,USGG10YR Index,2022-05-20,2.781143904
630,USGG10YR Index,2022-05-23,2.851406097
631,USGG10YR Index,2022-05-24,2.750594139
632,USGG10YR Index,2022-05-25,2.745186329
633,USGG10YR Index,2022-05-26,2.746941566
634,USGG10YR Index,2022-05-27,2.737838984
635,USGG10YR Index,2022-05-30,2.737838984
636,USGG10YR Index,2022-05-31,2.844072342
637,USGG10YR Index,2022-06-01,2.905823946
638,USGG10YR Index,2022-06-02,2.907648563
639,USGG10YR Index,2022-06-03,2.933226585
640,USGG10YR Index,2022-06-06,3.039883852
641,USGG10YR Index,2022-06-07,2.973575115
642,USGG10YR Index,2022-06-08,3.021475315
643,USGG10YR Index,2022-06-09,3.041835546
644,USGG10YR Index,2022-06-10,3.155502081
645,USGG10YR Index,2022-06-13,3.359823704
646,USGG10YR Index,2022-06-14,3.473293781
647,USGG10YR Index,2022-06-15,3.283878565
648,USGG10YR Index,2022-06-16,3.195175171
649,USGG10YR Index,2022-06-17,3.22563076
650,USGG10YR Index,2022-06-20,3.22563076
651,USGG10YR Index,2022-06-21,3.274937868
652,USGG10YR Index,2022-06-22,3.156121969
653,USGG10YR Index,2022-06-23,3.086972713
654,USGG10YR Index,2022-06-24,3.130111217
655,USGG10YR Index,2022-06-27,3.199737549
656,USGG10YR Index,2022-06-28,3.17154336
657,USGG10YR Index,2022-06-29,3.089119673
658,USGG10YR Index,2022-06-30,3.012875795
659,USGG10YR Index,2022-07-01,2.880253315
660,USGG10YR Index,2022-07-04,2.880253077
661,USGG10YR Index,2022-07-05,2.805406332
662,USGG10YR Index,2022-07-06,2.928008795
663,USGG10YR Index,2022-07-07,2.994531631
664,USGG10YR Index,2022-07-08,3.080290794
665,USGG10YR Index,2022-07-11,2.99277997
666,USGG10YR Index,2022-07-12,2.968713045
667,USGG10YR Index,2022-07-13,2.933613777
668,USGG10YR Index,2022-07-14,2.959497213
669,USGG10YR Index,2022-07-15,2.915207863
670,USGG10YR Index,2022-07-18,2.985531569
671,USGG10YR Index,2022-07-19,3.020903587
672,USGG10YR Index,2022-07-20,3.026530266
673,USGG10YR Index,2022-07-21,2.874718904
674,USGG10YR Index,2022-07-22,2.75038147
675,USGG10YR Index,2022-07-25,2.795897007
676,USGG10YR Index,2022-07-26,2.806840658
677,USGG10YR Index,2022-07-27,2.784901619
678,USGG10YR Index,2022-07-28,2.67593956
679,USGG10YR Index,2022-07-29,2.648717403
680,USGG10YR Index,2022-08-01,2.573210239
681,USGG10YR Index,2022-08-02,2.748280048
682,USGG10YR Index,2022-08-03,2.704625845
683,USGG10YR Index,2022-08-04,2.688269138
684,USGG10YR Index,2022-08-05,2.826821804
685,USGG10YR Index,2022-08-08,2.757215261
686,USGG10YR Index,2022-08-09,2.777288914
687,USGG10YR Index,2022-08-10,2.780925035
688,USGG10YR Index,2022-08-11,2.887568235
689,USGG10YR Index,2022-08-12,2.831228256
690,USGG10YR Index,2022-08-15,2.787828207
691,USGG10YR Index,2022-08-16,2.804093122
692,USGG10YR Index,2022-08-17,2.896770477
693,USGG10YR Index,2022-08-18,2.882202864
694,USGG10YR Index,2022-08-19,2.972076654
695,USGG10YR Index,2022-08-22,3.014559269
696,USGG10YR Index,2022-08-23,3.046103716
697,USGG10YR Index,2022-08-24,3.103853226
698,USGG10YR Index,2022-08-25,3.025836945
699,USGG10YR Index,2022-08-26,3.040855169
700,USGG10YR Index,2022-08-29,3.102375031
701,USGG10YR Index,2022-08-30,3.102452993
702,USGG10YR Index,2022-08-31,3.192634106
703,USGG10YR Index,2022-09-01,3.253262997
704,USGG10YR Index,2022-09-02,3.189357281
705,USGG10YR Index,2022-09-05,3.189357281
706,USGG10YR Index,2022-09-06,3.349249601
707,USGG10YR Index,2022-09-07,3.263451099
708,USGG10YR Index,2022-09-08,3.316966057
709,USGG10YR Index,2022-09-09,3.309704065
710,USGG10YR Index,2022-09-12,3.357755899
711,USGG10YR Index,2022-09-13,3.407987595
712,USGG10YR Index,2022-09-14,3.404276371
713,USGG10YR Index,2022-09-15,3.448949337
714,USGG10YR Index,2022-09-16,3.449434519
715,USGG10YR Index,2022-09-19,3.490455866
716,USGG10YR Index,2022-09-20,3.563034534
717,USGG10YR Index,2022-09-21,3.529884338
718,USGG10YR Index,2022-09-22,3.71383667
719,USGG10YR Index,2022-09-23,3.684627295
720,USGG10YR Index,2022-09-26,3.92441988
721,USGG10YR Index,2022-09-27,3.94508934
722,USGG10YR Index,2022-09-28,3.731176615
723,USGG10YR Index,2022-09-29,3.785556316
724,USGG10YR Index,2022-09-30,3.828631401
725,USGG10YR Index,2022-10-03,3.638656616
726,USGG10YR Index,2022-10-04,3.632913828
727,USGG10YR Index,2022-10-05,3.752843857
728,USGG10YR Index,2022-10-06,3.823583603
729,USGG10YR Index,2022-10-07,3.881405592
730,USGG10YR Index,2022-10-10,3.881405592
731,USGG10YR Index,2022-10-11,3.946995735
732,USGG10YR Index,2022-10-12,3.896199226
733,USGG10YR Index,2022-10-13,3.94346714
734,USGG10YR Index,2022-10-14,4.018362045
735,USGG10YR Index,2022-10-17,4.010408401
736,USGG10YR Index,2022-10-18,4.006582737
737,USGG10YR Index,2022-10-19,4.133505821
738,USGG10YR Index,2022-10-20,4.228271961
739,USGG10YR Index,2022-10-21,4.21668148
740,USGG10YR Index,2022-10-24,4.242354393
741,USGG10YR Index,2022-10-25,4.102079868
742,USGG10YR Index,2022-10-26,4.002788544
743,USGG10YR Index,2022-10-27,3.918731689
744,USGG10YR Index,2022-10-28,4.012263775
745,USGG10YR Index,2022-10-31,4.047808647
746,USGG10YR Index,2022-11-01,4.041891575
747,USGG10YR Index,2022-11-02,4.100502014
748,USGG10YR Index,2022-11-03,4.146875858
749,USGG10YR Index,2022-11-04,4.158388138
750,USGG10YR Index,2022-11-07,4.213521481
751,USGG10YR Index,2022-11-08,4.12338829
752,USGG10YR Index,2022-11-09,4.092331886
753,USGG10YR Index,2022-11-10,3.812506199
754,USGG10YR Index,2022-11-11,3.812506199
755,USGG10YR Index,2022-11-14,3.853632212
756,USGG10YR Index,2022-11-15,3.769592524
757,USGG10YR Index,2022-11-16,3.689879417
758,USGG10YR Index,2022-11-17,3.765690804
759,USGG10YR Index,2022-11-18,3.82883811
760,USGG10YR Index,2022-11-21,3.826888084
761,USGG10YR Index,2022-11-22,3.75592947
762,USGG10YR Index,2022-11-23,3.692701817
763,USGG10YR Index,2022-11-24,3.692701817
764,USGG10YR Index,2022-11-25,3.677590609
765,USGG10YR Index,2022-11-28,3.681175232
766,USGG10YR Index,2022-11-29,3.744106293
767,USGG10YR Index,2022-11-30,3.605422497
768,USGG10YR Index,2022-12-01,3.50480485
769,USGG10YR Index,2022-12-02,3.48617816
770,USGG10YR Index,2022-12-05,3.573596239
771,USGG10YR Index,2022-12-06,3.531400204
772,USGG10YR Index,2022-12-07,3.416880608
773,USGG10YR Index,2022-12-08,3.481930733
774,USGG10YR Index,2022-12-09,3.578301191
775,USGG10YR Index,2022-12-12,3.611268759
776,USGG10YR Index,2022-12-13,3.501194715
777,USGG10YR Index,2022-12-14,3.477370024
778,USGG10YR Index,2022-12-15,3.446329594
779,USGG10YR Index,2022-12-16,3.482216597
780,USGG10YR Index,2022-12-19,3.584604979
781,USGG10YR Index,2022-12-20,3.682482004
782,USGG10YR Index,2022-12-21,3.661952972
783,USGG10YR Index,2022-12-22,3.678550005
784,USGG10YR Index,2022-12-23,3.747153997
785,USGG10YR Index,2022-12-26,3.747153997
786,USGG10YR Index,2022-12-27,3.841105938
787,USGG10YR Index,2022-12-28,3.882692575
788,USGG10YR Index,2022-12-29,3.81453371
789,USGG10YR Index,2022-12-30,3.874789476
790,USGG10YR Index,2023-01-02,3.874789476
791,USGG10YR Index,2023-01-03,3.738916874
792,USGG10YR Index,2023-01-04,3.682738066
793,USGG10YR Index,2023-01-05,3.718125582
794,USGG10YR Index,2023-01-06,3.558017015
795,USGG10YR Index,2023-01-09,3.53208971
796,USGG10YR Index,2023-01-10,3.618813515
797,USGG10YR Index,2023-01-11,3.539176226
798,USGG10YR Index,2023-01-12,3.440003395
799,USGG10YR Index,2023-01-13,3.503501892
800,USGG10YR Index,2023-01-16,3.503501892
801,USGG10YR Index,2023-01-17,3.547576189
802,USGG10YR Index,2023-01-18,3.369810343
803,USGG10YR Index,2023-01-19,3.391451597
804,USGG10YR Index,2023-01-20,3.478725195
805,USGG10YR Index,2023-01-23,3.509849072
806,USGG10YR Index,2023-01-24,3.452730894
807,USGG10YR Index,2023-01-25,3.441579819
808,USGG10YR Index,2023-01-26,3.494678259
809,USGG10YR Index,2023-01-27,3.503453255
810,USGG10YR Index,2023-01-30,3.536560535
811,USGG10YR Index,2023-01-31,3.506853819
812,USGG10YR Index,2023-02-01,3.41664505
813,USGG10YR Index,2023-02-02,3.392709017
814,USGG10YR Index,2023-02-03,3.524627447
815,USGG10YR Index,2023-02-06,3.639897108
816,USGG10YR Index,2023-02-07,3.673535347
817,USGG10YR Index,2023-02-08,3.609754086
818,USGG10YR Index,2023-02-09,3.657898664
819,USGG10YR Index,2023-02-10,3.732042789
820,USGG10YR Index,2023-02-13,3.701559782
821,USGG10YR Index,2023-02-14,3.743497372
822,USGG10YR Index,2023-02-15,3.804863691
823,USGG10YR Index,2023-02-16,3.860825777
824,USGG10YR Index,2023-02-17,3.814787865
825,USGG10YR Index,2023-02-20,3.814787865
826,USGG10YR Index,2023-02-21,3.952543259
827,USGG10YR Index,2023-02-22,3.915600538
828,USGG10YR Index,2023-02-23,3.876834631
829,USGG10YR Index,2023-02-24,3.943246126
830,USGG10YR Index,2023-02-27,3.914082527
831,USGG10YR Index,2023-02-28,3.92001462
832,USGG10YR Index,2023-03-01,3.992491961
833,USGG10YR Index,2023-03-02,4.05562973
834,USGG10YR Index,2023-03-03,3.951724291
835,USGG10YR Index,2023-03-06,3.957695007
836,USGG10YR Index,2023-03-07,3.963671684
837,USGG10YR Index,2023-03-08,3.991259575
838,USGG10YR Index,2023-03-09,3.903245449
839,USGG10YR Index,2023-03-10,3.698710918
840,USGG10YR Index,2023-03-13,3.573229313
841,USGG10YR Index,2023-03-14,3.689223528
842,USGG10YR Index,2023-03-15,3.454786301
843,USGG10YR Index,2023-03-16,3.577043295
844,USGG10YR Index,2023-03-17,3.428552389
845,USGG10YR Index,2023-03-20,3.484693289
846,USGG10YR Index,2023-03-21,3.609356642
847,USGG10YR Index,2023-03-22,3.434089184
848,USGG10YR Index,2023-03-23,3.426593304
849,USGG10YR Index,2023-03-24,3.376176119
850,USGG10YR Index,2023-03-27,3.529851913
851,USGG10YR Index,2023-03-28,3.569597006
852,USGG10YR Index,2023-03-29,3.563919544
853,USGG10YR Index,2023-03-30,3.548771858
854,USGG10YR Index,2023-03-31,3.467642069
855,USGG10YR Index,2023-04-03,3.411374807
856,USGG10YR Index,2023-04-04,3.338654518
857,USGG10YR Index,2023-04-05,3.310781479
858,USGG10YR Index,2023-04-06,3.305024862
859,USGG10YR Index,2023-04-07,3.390614986
860,USGG10YR Index,2023-04-10,3.416820288
861,USGG10YR Index,2023-04-11,3.426174164
862,USGG10YR Index,2023-04-12,3.390556097
863,USGG10YR Index,2023-04-13,3.44492054
864,USGG10YR Index,2023-04-14,3.512840748
865,USGG10YR Index,2023-04-17,3.600361586
866,USGG10YR Index,2023-04-18,3.575567245
867,USGG10YR Index,2023-04-19,3.590849161
868,USGG10YR Index,2023-04-20,3.531817675
869,USGG10YR Index,2023-04-21,3.571825027
870,USGG10YR Index,2023-04-24,3.49009347
871,USGG10YR Index,2023-04-25,3.399566412
872,USGG10YR Index,2023-04-26,3.448487282
873,USGG10YR Index,2023-04-27,3.520443439
874,USGG10YR Index,2023-04-28,3.422021151
875,USGG10YR Index,2023-05-01,3.568121195
876,USGG10YR Index,2023-05-02,3.423866034
877,USGG10YR Index,2023-05-03,3.335592985
878,USGG10YR Index,2023-05-04,3.378657818
879,USGG10YR Index,2023-05-05,3.436990261
880,USGG10YR Index,2023-05-08,3.50715065
881,USGG10YR Index,2023-05-09,3.518578768
882,USGG10YR Index,2023-05-10,3.442618132
883,USGG10YR Index,2023-05-11,3.384274244
884,USGG10YR Index,2023-05-12,3.462511301
885,USGG10YR Index,2023-05-15,3.501874924
886,USGG10YR Index,2023-05-16,3.533869982
887,USGG10YR Index,2023-05-17,3.564089775
888,USGG10YR Index,2023-05-18,3.645728827
889,USGG10YR Index,2023-05-19,3.672614336
890,USGG10YR Index,2023-05-22,3.714824915
891,USGG10YR Index,2023-05-23,3.691874981
892,USGG10YR Index,2023-05-24,3.741888285
893,USGG10YR Index,2023-05-25,3.817363024
894,USGG10YR Index,2023-05-26,3.798328638
895,USGG10YR Index,2023-05-29,3.798328638
896,USGG10YR Index,2023-05-30,3.686566591
897,USGG10YR Index,2023-05-31,3.642599583
898,USGG10YR Index,2023-06-01,3.594996214
899,USGG10YR Index,2023-06-02,3.690725088
900,USGG10YR Index,2023-06-05,3.683107138
901,USGG10YR Index,2023-06-06,3.660151958
902,USGG10YR Index,2023-06-07,3.795245409
903,USGG10YR Index,2023-06-08,3.717937231
904,USGG10YR Index,2023-06-09,3.739393234
905,USGG10YR Index,2023-06-12,3.735603809
906,USGG10YR Index,2023-06-13,3.81329608
907,USGG10YR Index,2023-06-14,3.786151886
908,USGG10YR Index,2023-06-15,3.716510534
909,USGG10YR Index,2023-06-16,3.761335611
910,USGG10YR Index,2023-06-19,3.761335611
911,USGG10YR Index,2023-06-20,3.720738649
912,USGG10YR Index,2023-06-21,3.718878984
913,USGG10YR Index,2023-06-22,3.794648647
914,USGG10YR Index,2023-06-23,3.734666824
915,USGG10YR Index,2023-06-26,3.721183777
916,USGG10YR Index,2023-06-27,3.763947725
917,USGG10YR Index,2023-06-28,3.707783937
918,USGG10YR Index,2023-06-29,3.838304043
919,USGG10YR Index,2023-06-30,3.836650133
920,USGG10YR Index,2023-07-03,3.854520082
921,USGG10YR Index,2023-07-04,3.854520082
922,USGG10YR Index,2023-07-05,3.931543589
923,USGG10YR Index,2023-07-06,4.029143333
924,USGG10YR Index,2023-07-07,4.061634541
925,USGG10YR Index,2023-07-10,3.993786097
926,USGG10YR Index,2023-07-11,3.970024586
927,USGG10YR Index,2023-07-12,3.857345581
928,USGG10YR Index,2023-07-13,3.763370752
929,USGG10YR Index,2023-07-14,3.832197905
930,USGG10YR Index,2023-07-17,3.806775093
931,USGG10YR Index,2023-07-18,3.785317183
932,USGG10YR Index,2023-07-19,3.748274088
933,USGG10YR Index,2023-07-20,3.850332499
934,USGG10YR Index,2023-07-21,3.834892988
935,USGG10YR Index,2023-07-24,3.872485876
936,USGG10YR Index,2023-07-25,3.884468794
937,USGG10YR Index,2023-07-26,3.866782904
938,USGG10YR Index,2023-07-27,3.998188972
939,USGG10YR Index,2023-07-28,3.950652838
940,USGG10YR Index,2023-07-31,3.958766937
941,USGG10YR Index,2023-08-01,4.022986412
942,USGG10YR Index,2023-08-02,4.077527523
943,USGG10YR Index,2023-08-03,4.175109386
944,USGG10YR Index,2023-08-04,4.033800125
945,USGG10YR Index,2023-08-07,4.088460445
946,USGG10YR Index,2023-08-08,4.02203083
947,USGG10YR Index,2023-08-09,4.008106232
948,USGG10YR Index,2023-08-10,4.105506897
949,USGG10YR Index,2023-08-11,4.15223074
950,USGG10YR Index,2023-08-14,4.191329002
951,USGG10YR Index,2023-08-15,4.21099472
952,USGG10YR Index,2023-08-16,4.250394344
953,USGG10YR Index,2023-08-17,4.274144173
954,USGG10YR Index,2023-08-18,4.254621506
955,USGG10YR Index,2023-08-21,4.33791399
956,USGG10YR Index,2023-08-22,4.324084759
957,USGG10YR Index,2023-08-23,4.191847801
958,USGG10YR Index,2023-08-24,4.237151146
959,USGG10YR Index,2023-08-25,4.235384941
960,USGG10YR Index,2023-08-28,4.201969624
961,USGG10YR Index,2023-08-29,4.119747639
962,USGG10YR Index,2023-08-30,4.113937378
963,USGG10YR Index,2023-08-31,4.108128071
964,USGG10YR Index,2023-09-01,4.178797245
965,USGG10YR Index,2023-09-04,4.178797245
966,USGG10YR Index,2023-09-05,4.25975275
967,USGG10YR Index,2023-09-06,4.279659748
968,USGG10YR Index,2023-09-07,4.244062901
969,USGG10YR Index,2023-09-08,4.264099598
970,USGG10YR Index,2023-09-11,4.288014412
971,USGG10YR Index,2023-09-12,4.280144215
972,USGG10YR Index,2023-09-13,4.248464584
973,USGG10YR Index,2023-09-14,4.286274433
974,USGG10YR Index,2023-09-15,4.332417488
975,USGG10YR Index,2023-09-18,4.302551746
976,USGG10YR Index,2023-09-19,4.358645916
977,USGG10YR Index,2023-09-20,4.407002449
978,USGG10YR Index,2023-09-21,4.494152069
979,USGG10YR Index,2023-09-22,4.433703423
980,USGG10YR Index,2023-09-25,4.533400536
981,USGG10YR Index,2023-09-26,4.535583496
982,USGG10YR Index,2023-09-27,4.60748148
983,USGG10YR Index,2023-09-28,4.574767113
984,USGG10YR Index,2023-09-29,4.571113586
985,USGG10YR Index,2023-10-02,4.678526878
986,USGG10YR Index,2023-10-03,4.79547739
987,USGG10YR Index,2023-10-04,4.732944012
988,USGG10YR Index,2023-10-05,4.718543053
989,USGG10YR Index,2023-10-06,4.800884247
990,USGG10YR Index,2023-10-09,4.800884247
991,USGG10YR Index,2023-10-10,4.6529603
992,USGG10YR Index,2023-10-11,4.558238506
993,USGG10YR Index,2023-10-12,4.69691658
994,USGG10YR Index,2023-10-13,4.61241436
995,USGG10YR Index,2023-10-16,4.705976009
996,USGG10YR Index,2023-10-17,4.834128857
997,USGG10YR Index,2023-10-18,4.914867878
998,USGG10YR Index,2023-10-19,4.989830971
999,USGG10YR Index,2023-10-20,4.913664818
1000,USGG10YR Index,2023-10-23,4.850213051
1001,USGG10YR Index,2023-10-24,4.822947025
1002,USGG10YR Index,2023-10-25,4.954910755
1003,USGG10YR Index,2023-10-26,4.844515324
1004,USGG10YR Index,2023-10-27,4.834582806
1005,USGG10YR Index,2023-10-30,4.894223213
1006,USGG10YR Index,2023-10-31,4.930703163
1007,USGG10YR Index,2023-11-01,4.734082699
1008,USGG10YR Index,2023-11-02,4.659025669
1009,USGG10YR Index,2023-11-03,4.572375298
1010,USGG10YR Index,2023-11-06,4.643069744
1011,USGG10YR Index,2023-11-07,4.566488743
1012,USGG10YR Index,2023-11-08,4.492477417
1013,USGG10YR Index,2023-11-09,4.624058247
1014,USGG10YR Index,2023-11-10,4.651827335
1015,USGG10YR Index,2023-11-13,4.639917374
1016,USGG10YR Index,2023-11-14,4.4472785
1017,USGG10YR Index,2023-11-15,4.531357765
1018,USGG10YR Index,2023-11-16,4.435537338
1019,USGG10YR Index,2023-11-17,4.435446262
1020,USGG10YR Index,2023-11-20,4.419843674
1021,USGG10YR Index,2023-11-21,4.392607689
1022,USGG10YR Index,2023-11-22,4.404185295
1023,USGG10YR Index,2023-11-23,4.404185295
1024,USGG10YR Index,2023-11-24,4.466495991
1025,USGG10YR Index,2023-11-27,4.386550426
1026,USGG10YR Index,2023-11-28,4.32067728
1027,USGG10YR Index,2023-11-29,4.255187035
1028,USGG10YR Index,2023-11-30,4.326366425
1029,USGG10YR Index,2023-12-01,4.195559025
1030,USGG10YR Index,2023-12-04,4.252933025
1031,USGG10YR Index,2023-12-05,4.164880276
1032,USGG10YR Index,2023-12-06,4.104005814
1033,USGG10YR Index,2023-12-07,4.149475574
1034,USGG10YR Index,2023-12-08,4.225649357
1035,USGG10YR Index,2023-12-11,4.233253956
1036,USGG10YR Index,2023-12-12,4.200591564
1037,USGG10YR Index,2023-12-13,4.016413689
1038,USGG10YR Index,2023-12-14,3.920759201
1039,USGG10YR Index,2023-12-15,3.911020756
1040,USGG10YR Index,2023-12-18,3.931414
1041,USGG10YR Index,2023-12-19,3.931279182
1042,USGG10YR Index,2023-12-20,3.84736371
1043,USGG10YR Index,2023-12-21,3.888095856
1044,USGG10YR Index,2023-12-22,3.894978046
1045,USGG10YR Index,2023-12-25,3.894978046
1046,USGG10YR Index,2023-12-26,3.896701574
1047,USGG10YR Index,2023-12-27,3.794419527
1048,USGG10YR Index,2023-12-28,3.844284534
1049,USGG10YR Index,2023-12-29,3.879053593
1050,USGG10YR Index,2024-01-01,3.879053593
1051,USGG10YR Index,2024-01-02,3.929401636
1052,USGG10YR Index,2024-01-03,3.916151285
1053,USGG10YR Index,2024-01-04,3.998753786
1054,USGG10YR Index,2024-01-05,4.045732975
1055,USGG10YR Index,2024-01-08,4.030452728
1056,USGG10YR Index,2024-01-09,4.013295174
1057,USGG10YR Index,2024-01-10,4.028336048
1058,USGG10YR Index,2024-01-11,3.965836287
1059,USGG10YR Index,2024-01-12,3.938958645
1060,USGG10YR Index,2024-01-15,3.938958645
1061,USGG10YR Index,2024-01-16,4.058089733
1062,USGG10YR Index,2024-01-17,4.101872444
1063,USGG10YR Index,2024-01-18,4.142016888
1064,USGG10YR Index,2024-01-19,4.122571468
1065,USGG10YR Index,2024-01-22,4.105235577
1066,USGG10YR Index,2024-01-23,4.128151894
1067,USGG10YR Index,2024-01-24,4.176170826
1068,USGG10YR Index,2024-01-25,4.1183815
1069,USGG10YR Index,2024-01-26,4.137331486
1070,USGG10YR Index,2024-01-29,4.073952198
1071,USGG10YR Index,2024-01-30,4.031856537
1072,USGG10YR Index,2024-01-31,3.912365437
1073,USGG10YR Index,2024-02-01,3.880238295
1074,USGG10YR Index,2024-02-02,4.019882679
1075,USGG10YR Index,2024-02-05,4.157878876
1076,USGG10YR Index,2024-02-06,4.100026131
1077,USGG10YR Index,2024-02-07,4.121087074
1078,USGG10YR Index,2024-02-08,4.154030323
1079,USGG10YR Index,2024-02-09,4.175389767
1080,USGG10YR Index,2024-02-12,4.179277897
1081,USGG10YR Index,2024-02-13,4.314321518
1082,USGG10YR Index,2024-02-14,4.255391121
1083,USGG10YR Index,2024-02-15,4.229994774
1084,USGG10YR Index,2024-02-16,4.279164314
1085,USGG10YR Index,2024-02-19,4.279164314
1086,USGG10YR Index,2024-02-20,4.275282383
1087,USGG10YR Index,2024-02-21,4.31866169
1088,USGG10YR Index,2024-02-22,4.32069397
1089,USGG10YR Index,2024-02-23,4.248020172
1090,USGG10YR Index,2024-02-26,4.279510498
1091,USGG10YR Index,2024-02-27,4.30321312
1092,USGG10YR Index,2024-02-28,4.263868332
1093,USGG10YR Index,2024-02-29,4.250157356
1094,USGG10YR Index,2024-03-01,4.179773808
1095,USGG10YR Index,2024-03-04,4.213050365
1096,USGG10YR Index,2024-03-05,4.152525425
1097,USGG10YR Index,2024-03-06,4.102013588
1098,USGG10YR Index,2024-03-07,4.082650185
1099,USGG10YR Index,2024-03-08,4.074930191
1100,USGG10YR Index,2024-03-11,4.09819603
1101,USGG10YR Index,2024-03-12,4.150742531
1102,USGG10YR Index,2024-03-13,4.189860821
1103,USGG10YR Index,2024-03-14,4.290272713
1104,USGG10YR Index,2024-03-15,4.306283951
1105,USGG10YR Index,2024-03-18,4.324201107
1106,USGG10YR Index,2024-03-19,4.292532921
1107,USGG10YR Index,2024-03-20,4.272801399
1108,USGG10YR Index,2024-03-21,4.266923428
1109,USGG10YR Index,2024-03-22,4.198090076
1110,USGG10YR Index,2024-03-25,4.245395184
1111,USGG10YR Index,2024-03-26,4.231630802
1112,USGG10YR Index,2024-03-27,4.190340042
1113,USGG10YR Index,2024-03-28,4.20031929
1114,USGG10YR Index,2024-03-29,4.20031929
1115,USGG10YR Index,2024-04-01,4.30918932
1116,USGG10YR Index,2024-04-02,4.349117756
1117,USGG10YR Index,2024-04-03,4.347192764
1118,USGG10YR Index,2024-04-04,4.309379101
1119,USGG10YR Index,2024-04-05,4.401591301
1120,USGG10YR Index,2024-04-08,4.419778824
1121,USGG10YR Index,2024-04-09,4.361635685
1122,USGG10YR Index,2024-04-10,4.543535233
1123,USGG10YR Index,2024-04-11,4.586542606
1124,USGG10YR Index,2024-04-12,4.521595001
1125,USGG10YR Index,2024-04-15,4.601402283
1126,USGG10YR Index,2024-04-16,4.667390823
1127,USGG10YR Index,2024-04-17,4.587311268
1128,USGG10YR Index,2024-04-18,4.632631779
1129,USGG10YR Index,2024-04-19,4.620698929
1130,USGG10YR Index,2024-04-22,4.608495712
1131,USGG10YR Index,2024-04-23,4.600409508
1132,USGG10YR Index,2024-04-24,4.641721725
1133,USGG10YR Index,2024-04-25,4.703948021
1134,USGG10YR Index,2024-04-26,4.66296339
1135,USGG10YR Index,2024-04-29,4.613564491
1136,USGG10YR Index,2024-04-30,4.679831982
1137,USGG10YR Index,2024-05-01,4.628273964
1138,USGG10YR Index,2024-05-02,4.581052303
1139,USGG10YR Index,2024-05-03,4.5076828
1140,USGG10YR Index,2024-05-06,4.487394333
1141,USGG10YR Index,2024-05-07,4.456965446
1142,USGG10YR Index,2024-05-08,4.493735313
1143,USGG10YR Index,2024-05-09,4.453127384
1144,USGG10YR Index,2024-05-10,4.496347904
1145,USGG10YR Index,2024-05-13,4.486509323
1146,USGG10YR Index,2024-05-14,4.439413071
1147,USGG10YR Index,2024-05-15,4.340009212
1148,USGG10YR Index,2024-05-16,4.374968529
1149,USGG10YR Index,2024-05-17,4.419821739
1150,USGG10YR Index,2024-05-20,4.443324089
1151,USGG10YR Index,2024-05-21,4.411985397
1152,USGG10YR Index,2024-05-22,4.42176342
1153,USGG10YR Index,2024-05-23,4.476737976
1154,USGG10YR Index,2024-05-24,4.464952469
1155,USGG10YR Index,2024-05-28,4.549950123
1156,USGG10YR Index,2024-05-29,4.611690044
1157,USGG10YR Index,2024-05-30,4.54602766
1158,USGG10YR Index,2024-05-31,4.498543739
1159,USGG10YR Index,2024-06-03,4.388402462
1160,USGG10YR Index,2024-06-04,4.325948715
1161,USGG10YR Index,2024-06-05,4.27545166
1162,USGG10YR Index,2024-06-06,4.287046909
1163,USGG10YR Index,2024-06-07,4.433507919
1164,USGG10YR Index,2024-06-10,4.467020988
1165,USGG10YR Index,2024-06-11,4.40402317
1166,USGG10YR Index,2024-06-12,4.316030502
1167,USGG10YR Index,2024-06-13,4.244193077
1168,USGG10YR Index,2024-06-14,4.220875263
1169,USGG10YR Index,2024-06-17,4.280885696
1170,USGG10YR Index,2024-06-18,4.222677708
1171,USGG10YR Index,2024-06-19,4.222677708
1172,USGG10YR Index,2024-06-20,4.259431839
1173,USGG10YR Index,2024-06-21,4.255446434
1174,USGG10YR Index,2024-06-24,4.232144356
1175,USGG10YR Index,2024-06-25,4.24761343
1176,USGG10YR Index,2024-06-26,4.329393387
1177,USGG10YR Index,2024-06-27,4.286430359
1178,USGG10YR Index,2024-06-28,4.396079063
1179,USGG10YR Index,2024-07-01,4.461290836
1180,USGG10YR Index,2024-07-02,4.431602478
1181,USGG10YR Index,2024-07-03,4.358676434
1182,USGG10YR Index,2024-07-04,4.358676434
1183,USGG10YR Index,2024-07-05,4.278354645
1184,USGG10YR Index,2024-07-08,4.278326511
1185,USGG10YR Index,2024-07-09,4.295879364
1186,USGG10YR Index,2024-07-10,4.28412962
1187,USGG10YR Index,2024-07-11,4.210122585
1188,USGG10YR Index,2024-07-12,4.182852745
1189,USGG10YR Index,2024-07-15,4.229390621
1190,USGG10YR Index,2024-07-16,4.157603264
1191,USGG10YR Index,2024-07-17,4.157550335
1192,USGG10YR Index,2024-07-18,4.202061176
1193,USGG10YR Index,2024-07-19,4.238913059
1194,USGG10YR Index,2024-07-22,4.252538681
1195,USGG10YR Index,2024-07-23,4.250554562
1196,USGG10YR Index,2024-07-24,4.283779144
1197,USGG10YR Index,2024-07-25,4.240728855
1198,USGG10YR Index,2024-07-26,4.193858147
1199,USGG10YR Index,2024-07-29,4.174383163
1200,USGG10YR Index,2024-07-30,4.139441
1201,USGG10YR Index,2024-07-31,4.029609
1202,USGG10YR Index,2024-08-01,3.976005
1203,USGG10YR Index,2024-08-02,3.79037
1204,USGG10YR Index,2024-08-05,3.788363
1205,USGG10YR Index,2024-08-06,3.891889
1206,USGG10YR Index,2024-08-07,3.94305
1207,USGG10YR Index,2024-08-08,3.987691
1208,USGG10YR Index,2024-08-09,3.93979
1209,USGG10YR Index,2024-08-12,3.903534
1210,USGG10YR Index,2024-08-13,3.842757
1211,USGG10YR Index,2024-08-14,3.835184
1212,USGG10YR Index,2024-08-15,3.913059
1213,USGG10YR Index,2024-08-16,3.882560015
1214,USGG10YR Index,2024-08-19,3.871137619
1215,USGG10YR Index,2024-08-20,3.80667758
1216,USGG10YR Index,2024-08-21,3.800982475
1217,USGG10YR Index,2024-08-22,3.852095604
1218,USGG10YR Index,2024-08-23,3.79898262
1219,USGG10YR Index,2024-08-26,3.815985918
1220,USGG10YR Index,2024-08-27,3.821646452
1221,USGG10YR Index,2024-08-28,3.834903002
1222,USGG10YR Index,2024-08-29,3.861497879
1223,USGG10YR Index,2024-08-30,3.903443813
1224,USGG10YR Index,2024-09-02,3.903443575
1225,USGG10YR Index,2024-09-03,3.830988884
1226,USGG10YR Index,2024-09-04,3.755230427
1227,USGG10YR Index,2024-09-05,3.726927996
1228,USGG10YR Index,2024-09-06,3.707987785
1229,USGG10YR Index,2024-09-09,3.700424194
1230,USGG10YR Index,2024-09-10,3.642284393
1231,USGG10YR Index,2024-09-11,3.653445005
1232,USGG10YR Index,2024-09-12,3.67399478
1233,USGG10YR Index,2024-09-13,3.651341677
1234,USGG10YR Index,2024-09-16,3.617626429
1235,USGG10YR Index,2024-09-17,3.64560771
1236,USGG10YR Index,2024-09-18,3.703765631
1237,USGG10YR Index,2024-09-19,3.713142395
1238,USGG10YR Index,2024-09-20,3.741349459
1239,USGG10YR Index,2024-09-23,3.748883963
1240,USGG10YR Index,2024-09-24,3.728035927
1241,USGG10YR Index,2024-09-25,3.784869432
1242,USGG10YR Index,2024-09-26,3.796257257
1243,USGG10YR Index,2024-09-27,3.750571012
1244,USGG10YR Index,2024-09-30,3.780930996
1245,USGG10YR Index,2024-10-01,3.731547356
1246,USGG10YR Index,2024-10-02,3.780876875
1247,USGG10YR Index,2024-10-03,3.845775843
1248,USGG10YR Index,2024-10-04,3.967201233
1249,USGG10YR Index,2024-10-07,4.025567532
1250,USGG10YR Index,2024-10-08,4.011949062
1251,USGG10YR Index,2024-10-09,4.072561741
1252,USGG10YR Index,2024-10-10,4.060844898
1253,USGG10YR Index,2024-10-11,4.100269794
1254,USGG10YR Index,2024-10-14,4.100269794
1255,USGG10YR Index,2024-10-15,4.031665802
1256,USGG10YR Index,2024-10-16,4.012160301
1257,USGG10YR Index,2024-10-17,4.090571404
1258,USGG10YR Index,2024-10-18,4.082837105
1259,USGG10YR Index,2024-10-21,4.195613861
1260,USGG10YR Index,2024-10-22,4.207623005
1261,USGG10YR Index,2024-10-23,4.245603085
1262,USGG10YR Index,2024-10-24,4.211752892
1263,USGG10YR Index,2024-10-25,4.239929199
1264,USGG10YR Index,2024-10-28,4.282090187
1265,USGG10YR Index,2024-10-29,4.254101753
1266,USGG10YR Index,2024-10-30,4.300365448
1267,USGG10YR Index,2024-10-31,4.284371376
1268,USGG10YR Index,2024-11-01,4.383645535
1269,USGG10YR Index,2024-11-04,4.284738064
1270,USGG10YR Index,2024-11-05,4.270756245
1271,USGG10YR Index,2024-11-06,4.431458473
1272,USGG10YR Index,2024-11-07,4.32571125
1273,USGG10YR Index,2024-11-08,4.304301262
1274,USGG10YR Index,2024-11-11,4.304301262
1275,USGG10YR Index,2024-11-12,4.427522659
1276,USGG10YR Index,2024-11-13,4.451159477
1277,USGG10YR Index,2024-11-14,4.435395718
1278,USGG10YR Index,2024-11-15,4.439412594
1279,USGG10YR Index,2024-11-18,4.413842201
1280,USGG10YR Index,2024-11-19,4.396174908
1281,USGG10YR Index,2024-11-20,4.409950256
1282,USGG10YR Index,2024-11-21,4.421780586
1283,USGG10YR Index,2024-11-22,4.400196552
1284,USGG10YR Index,2024-11-25,4.273135185
1285,USGG10YR Index,2024-11-26,4.306221962
1286,USGG10YR Index,2024-11-27,4.263392925
1287,USGG10YR Index,2024-11-28,4.263392925
1288,USGG10YR Index,2024-11-29,4.168539047
1289,USGG10YR Index,2024-12-02,4.189725876
1290,USGG10YR Index,2024-12-03,4.224520206
1291,USGG10YR Index,2024-12-04,4.180021286
1292,USGG10YR Index,2024-12-05,4.176134109
1293,USGG10YR Index,2024-12-06,4.152906418
1294,USGG10YR Index,2024-12-09,4.201159954
1295,USGG10YR Index,2024-12-10,4.226340771
1296,USGG10YR Index,2024-12-11,4.271072865
1297,USGG10YR Index,2024-12-12,4.327774525
1298,USGG10YR Index,2024-12-13,4.396690845
1299,USGG10YR Index,2024-12-16,4.396713734
1300,USGG10YR Index,2024-12-17,4.398712158
1301,USGG10YR Index,2024-12-18,4.514008045
1302,USGG10YR Index,2024-12-19,4.562138081
1303,USGG10YR Index,2024-12-20,4.522208691
1304,USGG10YR Index,2024-12-23,4.586523533
1305,USGG10YR Index,2024-12-24,4.588671207
1306,USGG10YR Index,2024-12-25,4.588671207
1307,USGG10YR Index,2024-12-26,4.582691193
1308,USGG10YR Index,2024-12-27,4.625316143
1309,USGG10YR Index,2024-12-30,4.5326581
1310,USGG10YR Index,2024-12-31,4.568975925
1311,USGG10YR Index,2025-01-01,4.568975925
1312,USGG10YR Index,2025-01-02,4.55896759
1313,USGG10YR Index,2025-01-03,4.597505093
1314,USGG10YR Index,2025-01-06,4.629986763
1315,USGG10YR Index,2025-01-07,4.684997082
1316,USGG10YR Index,2025-01-08,4.689169407
1317,USGG10YR Index,2025-01-09,4.689261913
1318,USGG10YR Index,2025-01-10,4.759225368
1319,USGG10YR Index,2025-01-13,4.777861118
1320,USGG10YR Index,2025-01-14,4.792410374
1321,USGG10YR Index,2025-01-15,4.65308857
1322,USGG10YR Index,2025-01-16,4.612500668
1323,USGG10YR Index,2025-01-17,4.627040863
1324,USGG10YR Index,2025-01-20,4.627040863
1325,USGG10YR Index,2025-01-21,4.576372623
1326,USGG10YR Index,2025-01-22,4.610933304
1327,USGG10YR Index,2025-01-23,4.643583298
1328,USGG10YR Index,2025-01-24,4.621421814
1329,USGG10YR Index,2025-01-27,4.534295082
1330,USGG10YR Index,2025-01-28,4.532336712
1331,USGG10YR Index,2025-01-29,4.528358459
1332,USGG10YR Index,2025-01-30,4.516305923
1333,USGG10YR Index,2025-01-31,4.538714409
1334,USGG10YR Index,2025-02-03,4.554981232
1335,USGG10YR Index,2025-02-04,4.510540962
1336,USGG10YR Index,2025-02-05,4.418113232
1337,USGG10YR Index,2025-02-06,4.434180737
1338,USGG10YR Index,2025-02-07,4.494676113
1339,USGG10YR Index,2025-02-10,4.496750355
1340,USGG10YR Index,2025-02-11,4.535243988
1341,USGG10YR Index,2025-02-12,4.620791
1342,USGG10YR Index,2025-02-13,4.528831482
1343,USGG10YR Index,2025-02-14,4.476243496
1344,USGG10YR Index,2025-02-17,4.476243496
1345,USGG10YR Index,2025-02-18,4.550298214
1346,USGG10YR Index,2025-02-19,4.532662868
1347,USGG10YR Index,2025-02-20,4.505297661
1348,USGG10YR Index,2025-02-21,4.431303024
1349,USGG10YR Index,2025-02-24,4.400291443
1350,USGG10YR Index,2025-02-25,4.294490337
1351,USGG10YR Index,2025-02-26,4.256207466
1352,USGG10YR Index,2025-02-27,4.259926796
1353,USGG10YR Index,2025-02-28,4.208237648
1354,USGG10YR Index,2025-03-03,4.155074596
1355,USGG10YR Index,2025-03-04,4.244193554
1356,USGG10YR Index,2025-03-05,4.278481007
1357,USGG10YR Index,2025-03-06,4.278391838
1358,USGG10YR Index,2025-03-07,4.301130295
1359,USGG10YR Index,2025-03-10,4.213112831
1360,USGG10YR Index,2025-03-11,4.279864311
1361,USGG10YR Index,2025-03-12,4.312408924
1362,USGG10YR Index,2025-03-13,4.268192768
1363,USGG10YR Index,2025-03-14,4.312087059
1364,USGG10YR Index,2025-03-17,4.298542976
1365,USGG10YR Index,2025-03-18,4.283090591
1366,USGG10YR Index,2025-03-19,4.242756844
1367,USGG10YR Index,2025-03-20,4.236923695
1368,USGG10YR Index,2025-03-21,4.246208668
1369,USGG10YR Index,2025-03-24,4.334606171
1370,USGG10YR Index,2025-03-25,4.313299179
1371,USGG10YR Index,2025-03-26,4.351866245
1372,USGG10YR Index,2025-03-27,4.359544277
1373,USGG10YR Index,2025-03-28,4.249394417
1374,USGG10YR Index,2025-03-31,4.205250263
1375,USGG10YR Index,2025-04-01,4.168887615
1376,USGG10YR Index,2025-04-02,4.130734444
1377,USGG10YR Index,2025-04-03,4.028552532
1378,USGG10YR Index,2025-04-04,3.994307995
1379,USGG10YR Index,2025-04-07,4.183508396
1380,USGG10YR Index,2025-04-08,4.292889118
1381,USGG10YR Index,2025-04-09,4.331502438
1382,USGG10YR Index,2025-04-10,4.424895287
1383,USGG10YR Index,2025-04-11,4.489522934
1384,USGG10YR Index,2025-04-14,4.37391758
1385,USGG10YR Index,2025-04-15,4.333013058
1386,USGG10YR Index,2025-04-16,4.276785374
1387,USGG10YR Index,2025-04-17,4.324890614
1388,USGG10YR Index,2025-04-18,4.324890614
1389,USGG10YR Index,2025-04-21,4.410625458
1390,USGG10YR Index,2025-04-22,4.400785446
1391,USGG10YR Index,2025-04-23,4.381177902
1392,USGG10YR Index,2025-04-24,4.314891338
1393,USGG10YR Index,2025-04-25,4.235299587
1394,USGG10YR Index,2025-04-28,4.208235264
1395,USGG10YR Index,2025-04-29,4.171631813
1396,USGG10YR Index,2025-04-30,4.161939144
1397,USGG10YR Index,2025-05-01,4.217578411
1398,USGG10YR Index,2025-05-02,4.308328152
1399,USGG10YR Index,2025-05-05,4.343332291
1400,USGG10YR Index,2025-05-06,4.294569016
1401,USGG10YR Index,2025-05-07,4.269361019
1402,USGG10YR Index,2025-05-08,4.378450871
1403,USGG10YR Index,2025-05-09,4.378450871
1404,USGG10YR Index,2025-05-12,4.470897675
1405,USGG10YR Index,2025-05-13,4.464972019
1406,USGG10YR Index,2025-05-14,4.536300182
1407,USGG10YR Index,2025-05-15,4.431482315
1408,USGG10YR Index,2025-05-16,4.476961613
1409,USGG10YR Index,2025-05-19,4.447354317
1410,USGG10YR Index,2025-05-20,4.486931801
1411,USGG10YR Index,2025-05-21,4.598534107
1412,USGG10YR Index,2025-05-22,4.528712273
1413,USGG10YR Index,2025-05-23,4.510988235
1414,USGG10YR Index,2025-05-27,4.443632126
1415,USGG10YR Index,2025-05-28,4.477313519
1416,USGG10YR Index,2025-05-29,4.418022633
1417,USGG10YR Index,2025-05-30,4.400350094
1418,USGG10YR Index,2025-06-02,4.439851284
1419,USGG10YR Index,2025-06-03,4.453737259
1420,USGG10YR Index,2025-06-04,4.355172634
1421,USGG10YR Index,2025-06-05,4.3905797
1422,USGG10YR Index,2025-06-06,4.50558424
1423,USGG10YR Index,2025-06-09,4.473786354
1424,USGG10YR Index,2025-06-10,4.469849586
1425,USGG10YR Index,2025-06-11,4.420322895
1426,USGG10YR Index,2025-06-12,4.359200001
1427,USGG10YR Index,2025-06-13,4.398676872
1428,USGG10YR Index,2025-06-16,4.446229458
1429,USGG10YR Index,2025-06-17,4.388844967
1430,USGG10YR Index,2025-06-18,4.390862465
1431,USGG10YR Index,2025-06-19,4.390862465
1432,USGG10YR Index,2025-06-20,4.375123501
1433,USGG10YR Index,2025-06-23,4.347535133
1434,USGG10YR Index,2025-06-24,4.294498444
1435,USGG10YR Index,2025-06-25,4.290579796
1436,USGG10YR Index,2025-06-26,4.24169445
1437,USGG10YR Index,2025-06-27,4.276863575
1438,USGG10YR Index,2025-06-30,4.227996826
1439,USGG10YR Index,2025-07-01,4.241646767
1440,USGG10YR Index,2025-07-02,4.276859283
1441,USGG10YR Index,2025-07-03,4.345741272
1442,USGG10YR Index,2025-07-04,4.345741272
1443,USGG10YR Index,2025-07-07,4.379384995
1444,USGG10YR Index,2025-07-08,4.399243355
1445,USGG10YR Index,2025-07-09,4.331963539
1446,USGG10YR Index,2025-07-10,4.349754333
1447,USGG10YR Index,2025-07-11,4.409322262
1448,USGG10YR Index,2025-07-14,4.43325901
1449,USGG10YR Index,2025-07-15,4.481281281
1450,USGG10YR Index,2025-07-16,4.455301762
1451,USGG10YR Index,2025-07-17,4.451343536
1452,USGG10YR Index,2025-07-18,4.4155159
1453,USGG10YR Index,2025-07-21,4.377726555
1454,USGG10YR Index,2025-07-22,4.344017029
1455,USGG10YR Index,2025-07-23,4.37976408
1456,USGG10YR Index,2025-07-24,4.395711422
1457,USGG10YR Index,2025-07-25,4.387829781
1458,USGG10YR Index,2025-07-28,4.409792423
1459,USGG10YR Index,2025-07-29,4.320355892
1460,USGG10YR Index,2025-07-30,4.369992256
1461,USGG10YR Index,2025-07-31,4.373997688
1462,USGG10YR Index,2025-08-01,4.2158885
1463,USGG10YR Index,2025-08-04,4.192347527
1464,USGG10YR Index,2025-08-05,4.209980965
1465,USGG10YR Index,2025-08-06,4.22568512
1466,USGG10YR Index,2025-08-07,4.25
1467,USGG10YR Index,2025-08-08,4.282935143
1468,USGG10YR Index,2025-08-11,4.28487587
1469,USGG10YR Index,2025-08-12,4.288758278
1470,USGG10YR Index,2025-08-13,4.232605934
1471,USGG10YR Index,2025-08-14,4.28487587
1472,USGG10YR Index,2025-08-15,4.315972328
1473,USGG10YR Index,2025-08-18,4.333520889
1474,USGG10YR Index,2025-08-19,4.306233406
1475,USGG10YR Index,2025-08-20,4.290664673
1476,USGG10YR Index,2025-08-21,4.327675819
1477,USGG10YR Index,2025-08-22,4.253735542
1478,USGG10YR Index,2025-08-25,4.275080681
1479,USGG10YR Index,2025-08-26,4.261473656
1480,USGG10YR Index,2025-08-27,4.234313011
1481,USGG10YR Index,2025-08-28,4.203347206
1482,USGG10YR Index,2025-08-29,4.22841835
1483,USGG10YR Index,2025-09-01,4.22841835
1484,USGG10YR Index,2025-09-02,4.261403084
1485,USGG10YR Index,2025-09-03,4.216759682
1486,USGG10YR Index,2025-09-04,4.160719872
1487,USGG10YR Index,2025-09-05,4.074233055
1488,USGG10YR Index,2025-09-08,4.039816856
1489,USGG10YR Index,2025-09-09,4.087532997
1490,USGG10YR Index,2025-09-10,4.045426369
1491,USGG10YR Index,2025-09-11,4.020590782
1492,USGG10YR Index,2025-09-12,4.064320564
1493,USGG10YR Index,2025-09-15,4.037514687
1494,USGG10YR Index,2025-09-16,4.027917862
1495,USGG10YR Index,2025-09-17,4.08716774
1496,USGG10YR Index,2025-09-18,4.104408264
1497,USGG10YR Index,2025-09-19,4.127392769
1498,USGG10YR Index,2025-09-22,4.146656036
